{"cameraMode":{"drawMode":0,"name":"Shaded","section":"Shading Mode"},"sceneLighting":false,"audioPlay":false,"sceneViewState":{"m_AlwaysRefresh":false,"showFog":true,"showSkybox":false,"showFlares":true,"showImageEffects":true,"showParticleSystems":true,"showVisualEffectGraphs":true,"m_FxEnabled":true},"in2DMode":false,"pivot":{"x":-2.6020994186401369,"y":0.4181819260120392,"z":-1.6561411619186402},"rotation":{"x":0.08985715359449387,"y":-0.9044101238250732,"z":0.3438442051410675,"w":0.23634286224842072},"size":0.8740741610527039,"orthographic":false}