{"cameraMode":{"drawMode":0,"name":"Shaded","section":"Shading Mode"},"sceneLighting":true,"audioPlay":false,"sceneViewState":{"m_AlwaysRefresh":false,"showFog":true,"showSkybox":true,"showFlares":true,"showImageEffects":true,"showParticleSystems":true,"showVisualEffectGraphs":true,"m_FxEnabled":true},"in2DMode":false,"pivot":{"x":0.11500883102416992,"y":0.5797762274742127,"z":1.6419199705123902},"rotation":{"x":0.009082150645554066,"y":-0.21871022880077363,"z":0.0020473140757530929,"w":0.9757314324378967},"size":0.9544070363044739,"orthographic":false}