{"cameraMode":{"drawMode":0,"name":"Shaded","section":"Shading Mode"},"sceneLighting":false,"audioPlay":false,"sceneViewState":{"m_AlwaysRefresh":false,"showFog":true,"showSkybox":false,"showFlares":true,"showImageEffects":true,"showParticleSystems":true,"showVisualEffectGraphs":true,"m_FxEnabled":true},"in2DMode":false,"pivot":{"x":5.960464477539063e-8,"y":0.5768564939498901,"z":-0.027704089879989625},"rotation":{"x":-0.07318750023841858,"y":0.897705614566803,"z":-0.4028405249118805,"w":-0.16307705640792848},"size":0.9450920820236206,"orthographic":false}