{"cameraMode":{"drawMode":0,"name":"Shaded","section":"Shading Mode"},"sceneLighting":false,"audioPlay":false,"sceneViewState":{"m_AlwaysRefresh":false,"showFog":true,"showSkybox":false,"showFlares":true,"showImageEffects":true,"showParticleSystems":true,"showVisualEffectGraphs":true,"m_FxEnabled":true},"in2DMode":false,"pivot":{"x":0.6903352737426758,"y":0.3530702590942383,"z":0.8235507011413574},"rotation":{"x":0.14517973363399507,"y":0.47885429859161379,"z":-0.08059539645910263,"w":0.8621392250061035},"size":10.366105079650879,"orthographic":false}