{"cameraMode":{"drawMode":0,"name":"Shaded","section":"Shading Mode"},"sceneLighting":false,"audioPlay":false,"sceneViewState":{"m_AlwaysRefresh":false,"showFog":true,"showSkybox":false,"showFlares":true,"showImageEffects":true,"showParticleSystems":true,"showVisualEffectGraphs":true,"m_FxEnabled":true},"in2DMode":false,"pivot":{"x":-0.09082138538360596,"y":0.08100306987762451,"z":0.09626483917236328},"rotation":{"x":0.14517973363399507,"y":0.47885429859161379,"z":-0.08059539645910263,"w":0.8621392250061035},"size":3.333618640899658,"orthographic":false}